{"cameraMode":{"drawMode":0,"name":"Shaded","section":"Shading Mode"},"sceneLighting":false,"audioPlay":false,"sceneViewState":{"showFog":true,"showMaterialUpdate":false,"showSkybox":false,"showFlares":true,"showImageEffects":true,"showParticleSystems":true},"in2DMode":false,"pivot":{"x":-18.1250057220459,"y":2.550365924835205,"z":-18.125001907348634},"rotation":{"x":0.00035261071752756834,"y":0.9992470145225525,"z":-0.009302888996899128,"w":0.03778998181223869},"size":25.78801918029785,"orthographic":false}