{"cameraMode":{"drawMode":0,"name":"Shaded","section":"Shading Mode"},"sceneLighting":false,"audioPlay":false,"sceneViewState":{"showFog":true,"showMaterialUpdate":false,"showSkybox":true,"showFlares":true,"showImageEffects":true,"showParticleSystems":true},"in2DMode":false,"pivot":{"x":29.986854553222658,"y":2.380640745162964,"z":-53.005374908447269},"rotation":{"x":-0.13056327402591706,"y":-0.8568569421768189,"z":0.26513639092445376,"w":-0.422604501247406},"size":1.594301462173462,"orthographic":false}