{"cameraMode":{"drawMode":0,"name":"Shaded","section":"Shading Mode"},"sceneLighting":false,"audioPlay":false,"sceneViewState":{"showFog":true,"showMaterialUpdate":false,"showSkybox":true,"showFlares":true,"showImageEffects":true,"showParticleSystems":true},"in2DMode":false,"pivot":{"x":2.6764132976531984,"y":1.8168359994888306,"z":-2.9449331760406496},"rotation":{"x":-0.03961914777755737,"y":0.9011574387550354,"z":-0.08433172851800919,"w":-0.42336633801460268},"size":3.6073946952819826,"orthographic":false}