{"cameraMode":{"drawMode":0,"name":"Shaded","section":"Shading Mode"},"sceneLighting":false,"audioPlay":false,"sceneViewState":{"showFog":true,"showMaterialUpdate":false,"showSkybox":false,"showFlares":true,"showImageEffects":true,"showParticleSystems":true},"in2DMode":false,"pivot":{"x":6.001943588256836,"y":6.000001430511475,"z":-6.002751350402832},"rotation":{"x":0.00156915292609483,"y":-0.9960320591926575,"z":0.01793055236339569,"w":0.08717112243175507},"size":11.88344955444336,"orthographic":false}