{"cameraMode":{"drawMode":0,"name":"Shaded","section":"Shading Mode"},"sceneLighting":false,"audioPlay":false,"sceneViewState":{"showFog":true,"showMaterialUpdate":false,"showSkybox":true,"showFlares":true,"showImageEffects":true,"showParticleSystems":true},"in2DMode":false,"pivot":{"x":31.54806137084961,"y":12.991765975952149,"z":-50.43116760253906},"rotation":{"x":0.025456152856349946,"y":0.053992900997400287,"z":0.001484867767430842,"w":-0.9982592463493347},"size":4.894301414489746,"orthographic":false}