{"cameraMode":{"drawMode":0,"name":"Shaded","section":"Shading Mode"},"sceneLighting":false,"audioPlay":false,"sceneViewState":{"showFog":true,"showMaterialUpdate":false,"showSkybox":false,"showFlares":true,"showImageEffects":true,"showParticleSystems":true},"in2DMode":false,"pivot":{"x":-0.030086517333984376,"y":0.8664731979370117,"z":0.07587790489196778},"rotation":{"x":-0.14559000730514527,"y":0.8394178152084351,"z":-0.2738119959831238,"w":-0.4463347792625427},"size":1.1955872774124146,"orthographic":false}