{"cameraMode":{"drawMode":0,"name":"Shaded","section":"Shading Mode"},"sceneLighting":true,"audioPlay":false,"sceneViewState":{"showFog":true,"showMaterialUpdate":false,"showSkybox":true,"showFlares":true,"showImageEffects":true,"showParticleSystems":true},"in2DMode":false,"pivot":{"x":59.391910552978519,"y":-0.4717797040939331,"z":86.13939666748047},"rotation":{"x":-0.07874386757612229,"y":-0.6703056693077087,"z":0.07186943292617798,"w":-0.7344430685043335},"size":15.032482147216797,"orthographic":false}