{"cameraMode":{"drawMode":0,"name":"Shaded","section":"Shading Mode"},"sceneLighting":true,"audioPlay":false,"sceneViewState":{"showFog":true,"showMaterialUpdate":false,"showSkybox":true,"showFlares":true,"showImageEffects":true,"showParticleSystems":true},"in2DMode":false,"pivot":{"x":56.416053771972659,"y":1.929999828338623,"z":98.72053527832031},"rotation":{"x":0.48866531252861025,"y":-0.24220512807369233,"z":0.14341285824775697,"w":0.825888454914093},"size":11.294574737548829,"orthographic":false}