{"cameraMode":{"drawMode":0,"name":"Shaded","section":"Shading Mode"},"sceneLighting":true,"audioPlay":false,"sceneViewState":{"showFog":true,"showMaterialUpdate":false,"showSkybox":true,"showFlares":true,"showImageEffects":true,"showParticleSystems":true},"in2DMode":false,"pivot":{"x":78.38359832763672,"y":-14.711555480957032,"z":63.77404022216797},"rotation":{"x":-0.05272922292351723,"y":-0.945024847984314,"z":0.19135992228984834,"w":-0.260028600692749},"size":33.89274215698242,"orthographic":false}