{"cameraMode":{"drawMode":0,"name":"Shaded","section":"Shading Mode"},"sceneLighting":false,"audioPlay":false,"sceneViewState":{"showFog":true,"showMaterialUpdate":false,"showSkybox":false,"showFlares":true,"showImageEffects":true,"showParticleSystems":true},"in2DMode":false,"pivot":{"x":-15.881841659545899,"y":-1.017566204071045,"z":-1.3731162548065186},"rotation":{"x":0.002716029528528452,"y":0.9937594532966614,"z":-0.025353116914629937,"w":0.10930262506008148},"size":10.637557029724121,"orthographic":false}