{"cameraMode":{"drawMode":0,"name":"Shaded","section":"Shading Mode"},"sceneLighting":false,"audioPlay":false,"sceneViewState":{"showFog":true,"showMaterialUpdate":false,"showSkybox":false,"showFlares":true,"showImageEffects":true,"showParticleSystems":true},"in2DMode":false,"pivot":{"x":-53.19052505493164,"y":-4.045098781585693,"z":48.87693405151367},"rotation":{"x":-0.052165932953357699,"y":0.3422583341598511,"z":-0.01887286826968193,"w":-0.9380511045455933},"size":39.78034591674805,"orthographic":false}