{"cameraMode":{"drawMode":0,"name":"Shaded","section":"Shading Mode"},"sceneLighting":false,"audioPlay":false,"sceneViewState":{"showFog":true,"showMaterialUpdate":false,"showSkybox":false,"showFlares":true,"showImageEffects":true,"showParticleSystems":true},"in2DMode":false,"pivot":{"x":32.827999114990237,"y":117.17979431152344,"z":21.66412353515625},"rotation":{"x":0.10183274000883103,"y":-0.0015582997584715486,"z":0.000008589328899688553,"w":0.9949047565460205},"size":464.9659423828125,"orthographic":false}