{"cameraMode":{"drawMode":0,"name":"Shaded","section":"Shading Mode"},"sceneLighting":false,"audioPlay":false,"sceneViewState":{"showFog":true,"showMaterialUpdate":false,"showSkybox":false,"showFlares":true,"showImageEffects":true,"showParticleSystems":true},"in2DMode":false,"pivot":{"x":0.5400009155273438,"y":8.770000457763672,"z":-74.54000091552735},"rotation":{"x":0.19365566968917848,"y":0.604470431804657,"z":-0.15477663278579713,"w":0.7571800947189331},"size":36.37306594848633,"orthographic":false}