{"cameraMode":{"drawMode":0,"name":"Shaded","section":"Shading Mode"},"sceneLighting":false,"audioPlay":false,"sceneViewState":{"showFog":true,"showMaterialUpdate":false,"showSkybox":false,"showFlares":true,"showImageEffects":true,"showParticleSystems":true},"in2DMode":false,"pivot":{"x":-57.90983200073242,"y":-13.392989158630371,"z":-25.64031410217285},"rotation":{"x":-0.06486399471759796,"y":0.8738065958023071,"z":-0.12132076919078827,"w":-0.4665748178958893},"size":21.751972198486329,"orthographic":false}