{"cameraMode":{"drawMode":0,"name":"Shaded","section":"Shading Mode"},"sceneLighting":false,"audioPlay":false,"sceneViewState":{"showFog":true,"showMaterialUpdate":false,"showSkybox":true,"showFlares":true,"showImageEffects":true,"showParticleSystems":true},"in2DMode":false,"pivot":{"x":-844.1732788085938,"y":0.09992265701293946,"z":-12.220651626586914},"rotation":{"x":-0.09630656987428665,"y":0.5638616681098938,"z":-0.06599155813455582,"w":-0.8177183270454407},"size":16.09899139404297,"orthographic":false}