{"cameraMode":{"drawMode":0,"name":"Shaded","section":"Shading Mode"},"sceneLighting":false,"audioPlay":false,"sceneViewState":{"showFog":true,"showMaterialUpdate":false,"showSkybox":true,"showFlares":true,"showImageEffects":true,"showParticleSystems":true},"in2DMode":false,"pivot":{"x":-31.22795867919922,"y":45.31101989746094,"z":-155.57481384277345},"rotation":{"x":0.11585856974124909,"y":-0.7417253255844116,"z":0.1326109766960144,"w":0.6473264098167419},"size":23.594039916992189,"orthographic":false}