{"cameraMode":{"drawMode":0,"name":"Shaded","section":"Shading Mode"},"sceneLighting":false,"audioPlay":false,"sceneViewState":{"showFog":true,"showMaterialUpdate":false,"showSkybox":false,"showFlares":true,"showImageEffects":true,"showParticleSystems":true},"in2DMode":false,"pivot":{"x":-18.11104965209961,"y":2.4930124282836916,"z":-23.125316619873048},"rotation":{"x":-0.061544861644506457,"y":0.9058964252471924,"z":-0.14105498790740968,"w":-0.39474520087242129},"size":20.475162506103517,"orthographic":false}