{"cameraMode":{"drawMode":0,"name":"Shaded","section":"Shading Mode"},"sceneLighting":false,"audioPlay":false,"sceneViewState":{"showFog":true,"showMaterialUpdate":false,"showSkybox":false,"showFlares":true,"showImageEffects":true,"showParticleSystems":true},"in2DMode":false,"pivot":{"x":1.4610633850097657,"y":0.6719251871109009,"z":-6.010218620300293},"rotation":{"x":-0.013942539691925049,"y":0.8653330206871033,"z":-0.024161677807569505,"w":-0.5005191564559937},"size":6.0393805503845219,"orthographic":false}