{"cameraMode":{"drawMode":0,"name":"Shaded","section":"Shading Mode"},"sceneLighting":true,"audioPlay":false,"sceneViewState":{"showFog":true,"showMaterialUpdate":false,"showSkybox":true,"showFlares":true,"showImageEffects":true,"showParticleSystems":true},"in2DMode":false,"pivot":{"x":56.749122619628909,"y":1.3189741373062134,"z":88.14971160888672},"rotation":{"x":-0.00018460687715560198,"y":0.9985355734825134,"z":-0.05487297102808952,"w":-0.0038899851497262718},"size":1.4918755292892457,"orthographic":false}