{"cameraMode":{"drawMode":0,"name":"Shaded","section":"Shading Mode"},"sceneLighting":false,"audioPlay":false,"sceneViewState":{"showFog":true,"showMaterialUpdate":false,"showSkybox":true,"showFlares":true,"showImageEffects":true,"showParticleSystems":true},"in2DMode":false,"pivot":{"x":52.88352966308594,"y":-7.923701286315918,"z":122.40390014648438},"rotation":{"x":0.15661555528640748,"y":-0.15811945497989655,"z":0.025313211604952813,"w":0.9746595621109009},"size":22.391918182373048,"orthographic":false}