{"cameraMode":{"drawMode":0,"name":"Shaded","section":"Shading Mode"},"sceneLighting":false,"audioPlay":false,"sceneViewState":{"showFog":true,"showMaterialUpdate":false,"showSkybox":false,"showFlares":true,"showImageEffects":true,"showParticleSystems":true},"in2DMode":false,"pivot":{"x":-0.19791316986083985,"y":0.10007190704345703,"z":-21.885629653930665},"rotation":{"x":-0.06865783780813217,"y":-0.9256348013877869,"z":0.3111822009086609,"w":-0.2042817771434784},"size":1.8913017511367798,"orthographic":false}