{"cameraMode":{"drawMode":0,"name":"Shaded","section":"Shading Mode"},"sceneLighting":false,"audioPlay":false,"sceneViewState":{"showFog":true,"showMaterialUpdate":false,"showSkybox":false,"showFlares":true,"showImageEffects":true,"showParticleSystems":true},"in2DMode":false,"pivot":{"x":3.4467248916625978,"y":0.6828875541687012,"z":-3.54183030128479},"rotation":{"x":-0.04168154299259186,"y":0.12050797790288925,"z":-0.005060210824012756,"w":-0.9918301105499268},"size":5.105749130249023,"orthographic":false}