{"cameraMode":{"drawMode":0,"name":"Shaded","section":"Shading Mode"},"sceneLighting":false,"audioPlay":false,"sceneViewState":{"showFog":true,"showMaterialUpdate":false,"showSkybox":true,"showFlares":true,"showImageEffects":true,"showParticleSystems":true},"in2DMode":false,"pivot":{"x":31.01874542236328,"y":-19.316890716552736,"z":92.66771697998047},"rotation":{"x":0.23860272765159608,"y":-0.5697330236434937,"z":0.17730672657489777,"w":0.7662690281867981},"size":22.391918182373048,"orthographic":false}