{"cameraMode":{"drawMode":0,"name":"Shaded","section":"Shading Mode"},"sceneLighting":false,"audioPlay":false,"sceneViewState":{"showFog":true,"showMaterialUpdate":false,"showSkybox":true,"showFlares":true,"showImageEffects":true,"showParticleSystems":true},"in2DMode":false,"pivot":{"x":166.02830505371095,"y":2.01356840133667,"z":67.64176940917969},"rotation":{"x":0.0010181646794080735,"y":-0.9989866018295288,"z":0.032978352159261706,"w":0.030885616317391397},"size":28.381444931030275,"orthographic":false}