{"cameraMode":{"drawMode":0,"name":"Shaded","section":"Shading Mode"},"sceneLighting":false,"audioPlay":false,"sceneViewState":{"showFog":true,"showMaterialUpdate":false,"showSkybox":true,"showFlares":true,"showImageEffects":true,"showParticleSystems":true},"in2DMode":false,"pivot":{"x":154.04055786132813,"y":6.092569351196289,"z":110.92057037353516},"rotation":{"x":-0.007156027015298605,"y":-0.7325165271759033,"z":0.007683622185140848,"w":-0.6807456016540527},"size":28.381444931030275,"orthographic":false}