{"cameraMode":{"drawMode":0,"name":"Shaded","section":"Shading Mode"},"sceneLighting":false,"audioPlay":false,"sceneViewState":{"showFog":true,"showMaterialUpdate":false,"showSkybox":false,"showFlares":true,"showImageEffects":true,"showParticleSystems":true},"in2DMode":false,"pivot":{"x":-0.5000000596046448,"y":5.999999046325684,"z":-6.000001430511475},"rotation":{"x":0.014249940402805806,"y":0.3126267194747925,"z":0.004684751387685537,"w":-0.9497926831245422},"size":8.500004768371582,"orthographic":false}