{"cameraMode":{"drawMode":0,"name":"Shaded","section":"Shading Mode"},"sceneLighting":true,"audioPlay":false,"sceneViewState":{"showFog":true,"showMaterialUpdate":false,"showSkybox":true,"showFlares":true,"showImageEffects":true,"showParticleSystems":true},"in2DMode":false,"pivot":{"x":23.881105422973634,"y":-39.33213424682617,"z":204.95465087890626},"rotation":{"x":-0.16420800983905793,"y":0.023680247366428376,"z":-0.003950199577957392,"w":-0.9861550331115723},"size":106.60006713867188,"orthographic":false}