{"cameraMode":{"drawMode":0,"name":"Shaded","section":"Shading Mode"},"sceneLighting":false,"audioPlay":false,"sceneViewState":{"showFog":true,"showMaterialUpdate":false,"showSkybox":false,"showFlares":true,"showImageEffects":true,"showParticleSystems":true},"in2DMode":false,"pivot":{"x":-4.5400004386901859,"y":1.378000259399414,"z":-17.650001525878908},"rotation":{"x":-0.14525839686393739,"y":-0.8207250833511353,"z":0.23939286172389985,"w":-0.49800387024879458},"size":34.64101791381836,"orthographic":false}