{"cameraMode":{"drawMode":0,"name":"Shaded","section":"Shading Mode"},"sceneLighting":true,"audioPlay":false,"sceneViewState":{"showFog":true,"showMaterialUpdate":false,"showSkybox":true,"showFlares":true,"showImageEffects":true,"showParticleSystems":true},"in2DMode":false,"pivot":{"x":-8.539484024047852,"y":-23.320436477661134,"z":101.5915756225586},"rotation":{"x":-0.14672818779945374,"y":0.12723848223686219,"z":-0.01903531700372696,"w":-0.9807941913604736},"size":63.28917694091797,"orthographic":false}