{"cameraMode":{"drawMode":0,"name":"Shaded","section":"Shading Mode"},"sceneLighting":false,"audioPlay":false,"sceneViewState":{"showFog":true,"showMaterialUpdate":false,"showSkybox":false,"showFlares":true,"showImageEffects":true,"showParticleSystems":true},"in2DMode":false,"pivot":{"x":-0.5000001788139343,"y":6.000001430511475,"z":-6.000000953674316},"rotation":{"x":-0.07414748519659043,"y":-0.14368413388729096,"z":0.010801180265843869,"w":-0.9867916703224182},"size":8.500004768371582,"orthographic":false}