{"cameraMode":{"drawMode":0,"name":"Shaded","section":"Shading Mode"},"sceneLighting":false,"audioPlay":false,"sceneViewState":{"showFog":true,"showMaterialUpdate":false,"showSkybox":false,"showFlares":true,"showImageEffects":true,"showParticleSystems":true},"in2DMode":false,"pivot":{"x":-7.018618583679199,"y":0.8310778141021729,"z":-17.417278289794923},"rotation":{"x":-0.14525839686393739,"y":-0.8207250833511353,"z":0.23939286172389985,"w":-0.49800387024879458},"size":1.0008891820907593,"orthographic":false}