{"cameraMode":{"drawMode":0,"name":"Shaded","section":"Shading Mode"},"sceneLighting":false,"audioPlay":false,"sceneViewState":{"showFog":true,"showMaterialUpdate":false,"showSkybox":false,"showFlares":true,"showImageEffects":true,"showParticleSystems":true},"in2DMode":false,"pivot":{"x":8.209613800048829,"y":12.339712142944336,"z":-20.06220245361328},"rotation":{"x":-0.03843136504292488,"y":0.16856130957603455,"z":0.006577234249562025,"w":0.9849200248718262},"size":21.43014907836914,"orthographic":false}