{"cameraMode":{"drawMode":0,"name":"Shaded","section":"Shading Mode"},"sceneLighting":false,"audioPlay":false,"sceneViewState":{"showFog":true,"showMaterialUpdate":false,"showSkybox":false,"showFlares":true,"showImageEffects":true,"showParticleSystems":true},"in2DMode":false,"pivot":{"x":5.9959917068481449,"y":10.125007629394532,"z":0.5000017285346985},"rotation":{"x":-0.014951647259294987,"y":0.07939308136701584,"z":-0.0011983675649389625,"w":-0.9967638254165649},"size":6.087553977966309,"orthographic":false}