{"cameraMode":{"drawMode":0,"name":"Shaded","section":"Shading Mode"},"sceneLighting":false,"audioPlay":false,"sceneViewState":{"showFog":true,"showMaterialUpdate":false,"showSkybox":false,"showFlares":true,"showImageEffects":true,"showParticleSystems":true},"in2DMode":false,"pivot":{"x":0.1499994993209839,"y":0.672000527381897,"z":-6.000000953674316},"rotation":{"x":-0.04168154299259186,"y":0.12050797790288925,"z":-0.005060210824012756,"w":-0.9918301105499268},"size":6.0393805503845219,"orthographic":false}