{"cameraMode":{"drawMode":0,"name":"Shaded","section":"Shading Mode"},"sceneLighting":false,"audioPlay":false,"sceneViewState":{"showFog":true,"showMaterialUpdate":false,"showSkybox":false,"showFlares":true,"showImageEffects":true,"showParticleSystems":true},"in2DMode":false,"pivot":{"x":-0.5000000596046448,"y":2.4999990463256838,"z":-3.0000011920928957},"rotation":{"x":-0.014951647259294987,"y":0.07939308136701584,"z":-0.0011983675649389625,"w":-0.9967638254165649},"size":3.937005043029785,"orthographic":false}