{"cameraMode":{"drawMode":0,"name":"Shaded","section":"Shading Mode"},"sceneLighting":true,"audioPlay":false,"sceneViewState":{"showFog":true,"showMaterialUpdate":false,"showSkybox":true,"showFlares":true,"showImageEffects":true,"showParticleSystems":true},"in2DMode":false,"pivot":{"x":60.58000183105469,"y":2.680000066757202,"z":86.36000061035156},"rotation":{"x":-0.04934301972389221,"y":0.07424836605787277,"z":-0.0036763784009963276,"w":-0.9960150718688965},"size":8.237198829650879,"orthographic":false}