{"cameraMode":{"drawMode":0,"name":"Shaded","section":"Shading Mode"},"sceneLighting":false,"audioPlay":false,"sceneViewState":{"showFog":true,"showMaterialUpdate":false,"showSkybox":false,"showFlares":true,"showImageEffects":true,"showParticleSystems":true},"in2DMode":false,"pivot":{"x":39.581783294677737,"y":0.6824898719787598,"z":45.67483139038086},"rotation":{"x":0.06541834771633148,"y":-0.24297243356704713,"z":0.016425620764493943,"w":0.9676882028579712},"size":28.381452560424806,"orthographic":false}