{"cameraMode":{"drawMode":0,"name":"Shaded","section":"Shading Mode"},"sceneLighting":true,"audioPlay":false,"sceneViewState":{"showFog":true,"showMaterialUpdate":false,"showSkybox":true,"showFlares":true,"showImageEffects":true,"showParticleSystems":true},"in2DMode":false,"pivot":{"x":739.7546997070313,"y":355.6361999511719,"z":10.3209228515625},"rotation":{"x":-0.004498290363699198,"y":-0.01678931526839733,"z":-0.00018144765635952353,"w":0.9999670386314392},"size":302.4330139160156,"orthographic":false}