{"cameraMode":{"drawMode":0,"name":"Shaded","section":"Shading Mode"},"sceneLighting":false,"audioPlay":false,"sceneViewState":{"showFog":true,"showMaterialUpdate":false,"showSkybox":false,"showFlares":true,"showImageEffects":true,"showParticleSystems":true},"in2DMode":false,"pivot":{"x":70.05471801757813,"y":4.069019317626953,"z":52.56847381591797},"rotation":{"x":0.03746902197599411,"y":0.03446901589632034,"z":-0.0012932237004861236,"w":0.9987045526504517},"size":28.381452560424806,"orthographic":false}