{"cameraMode":{"drawMode":0,"name":"Shaded","section":"Shading Mode"},"sceneLighting":false,"audioPlay":false,"sceneViewState":{"showFog":true,"showMaterialUpdate":false,"showSkybox":false,"showFlares":true,"showImageEffects":true,"showParticleSystems":true},"in2DMode":false,"pivot":{"x":-1.85411536693573,"y":9.941438674926758,"z":-72.07595825195313},"rotation":{"x":-0.013745864853262902,"y":0.7914469838142395,"z":0.017810586839914323,"w":0.6108241677284241},"size":13.020357131958008,"orthographic":false}