{"cameraMode":{"drawMode":0,"name":"Shaded","section":"Shading Mode"},"sceneLighting":true,"audioPlay":false,"sceneViewState":{"showFog":true,"showMaterialUpdate":false,"showSkybox":true,"showFlares":true,"showImageEffects":true,"showParticleSystems":true},"in2DMode":false,"pivot":{"x":22.639081954956056,"y":-4.540019989013672,"z":26.314970016479493},"rotation":{"x":0.02398177981376648,"y":0.764979898929596,"z":-0.6430234909057617,"w":0.028446415439248086},"size":18.840843200683595,"orthographic":false}