{"cameraMode":{"drawMode":0,"name":"Shaded","section":"Shading Mode"},"sceneLighting":true,"audioPlay":false,"sceneViewState":{"showFog":true,"showMaterialUpdate":false,"showSkybox":true,"showFlares":true,"showImageEffects":true,"showParticleSystems":true},"in2DMode":false,"pivot":{"x":375.0000305175781,"y":217.50003051757813,"z":9.5367431640625e-7},"rotation":{"x":0.08831921219825745,"y":-0.03882908076047897,"z":-0.0034473342821002008,"w":-0.995350182056427},"size":552.2562255859375,"orthographic":false}