{"cameraMode":{"drawMode":0,"name":"Shaded","section":"Shading Mode"},"sceneLighting":true,"audioPlay":false,"sceneViewState":{"showFog":true,"showMaterialUpdate":false,"showSkybox":true,"showFlares":true,"showImageEffects":true,"showParticleSystems":true},"in2DMode":false,"pivot":{"x":30.965770721435548,"y":11.736509323120118,"z":15.466745376586914},"rotation":{"x":0.0012086814967915416,"y":0.9798130393028259,"z":0.00587730947881937,"w":-0.19993078708648683},"size":16.47703742980957,"orthographic":false}