{"cameraMode":{"drawMode":0,"name":"Shaded","section":"Shading Mode"},"sceneLighting":false,"audioPlay":false,"sceneViewState":{"showFog":true,"showMaterialUpdate":false,"showSkybox":false,"showFlares":true,"showImageEffects":true,"showParticleSystems":true},"in2DMode":false,"pivot":{"x":-21.976896286010743,"y":108.69269561767578,"z":-101.2314453125},"rotation":{"x":0.40429070591926577,"y":-0.05482565611600876,"z":0.024286547675728799,"w":0.9126636981964111},"size":6.701180458068848,"orthographic":false}