{"cameraMode":{"drawMode":0,"name":"Shaded","section":"Shading Mode"},"sceneLighting":false,"audioPlay":false,"sceneViewState":{"showFog":true,"showMaterialUpdate":false,"showSkybox":false,"showFlares":true,"showImageEffects":true,"showParticleSystems":true},"in2DMode":false,"pivot":{"x":3.0000014305114748,"y":2.0000007152557375,"z":-3.000001907348633},"rotation":{"x":-0.007128674536943436,"y":0.7334908843040466,"z":-0.0077088363468647,"w":-0.6796486377716065},"size":4.690419673919678,"orthographic":false}