{"cameraMode":{"drawMode":0,"name":"Shaded","section":"Shading Mode"},"sceneLighting":false,"audioPlay":false,"sceneViewState":{"showFog":true,"showMaterialUpdate":false,"showSkybox":false,"showFlares":true,"showImageEffects":true,"showParticleSystems":true},"in2DMode":false,"pivot":{"x":-6.000001907348633,"y":1.9999996423721314,"z":-2.999999523162842},"rotation":{"x":-0.007128674536943436,"y":0.7334908843040466,"z":-0.0077088363468647,"w":-0.6796486377716065},"size":7.000007152557373,"orthographic":false}