{"cameraMode":{"drawMode":0,"name":"Shaded","section":"Shading Mode"},"sceneLighting":false,"audioPlay":false,"sceneViewState":{"showFog":true,"showMaterialUpdate":false,"showSkybox":false,"showFlares":true,"showImageEffects":true,"showParticleSystems":true},"in2DMode":false,"pivot":{"x":-0.9999997615814209,"y":5.999999046325684,"z":-1.000001311302185},"rotation":{"x":-0.007128674536943436,"y":0.7334908843040466,"z":-0.0077088363468647,"w":-0.6796486377716065},"size":6.16441535949707,"orthographic":false}