{"cameraMode":{"drawMode":0,"name":"Shaded","section":"Shading Mode"},"sceneLighting":false,"audioPlay":false,"sceneViewState":{"showFog":true,"showMaterialUpdate":false,"showSkybox":false,"showFlares":true,"showImageEffects":true,"showParticleSystems":true},"in2DMode":false,"pivot":{"x":-0.1194000244140625,"y":-0.7182540893554688,"z":0.23840928077697755},"rotation":{"x":-0.0749748945236206,"y":-0.8058470487594605,"z":0.10453581809997559,"w":-0.5779871940612793},"size":4.679662227630615,"orthographic":false}