{"cameraMode":{"drawMode":0,"name":"Shaded","section":"Shading Mode"},"sceneLighting":false,"audioPlay":false,"sceneViewState":{"showFog":true,"showMaterialUpdate":false,"showSkybox":false,"showFlares":true,"showImageEffects":true,"showParticleSystems":true},"in2DMode":false,"pivot":{"x":11.69671630859375,"y":9.020330429077149,"z":-5.377347946166992},"rotation":{"x":0.03149079158902168,"y":-0.017083052545785905,"z":-0.0005341050564311445,"w":-0.9993644952774048},"size":10.44009017944336,"orthographic":false}