{"cameraMode":{"drawMode":0,"name":"Shaded","section":"Shading Mode"},"sceneLighting":false,"audioPlay":false,"sceneViewState":{"showFog":true,"showMaterialUpdate":false,"showSkybox":false,"showFlares":true,"showImageEffects":true,"showParticleSystems":true},"in2DMode":false,"pivot":{"x":-4.29437780380249,"y":0.9274996519088745,"z":19.704622268676759},"rotation":{"x":0.009257216937839985,"y":-0.852307915687561,"z":-0.01507552620023489,"w":-0.5227985978126526},"size":0.2557294964790344,"orthographic":false}