{"cameraMode":{"drawMode":0,"name":"Shaded","section":"Shading Mode"},"sceneLighting":true,"audioPlay":false,"sceneViewState":{"showFog":true,"showMaterialUpdate":false,"showSkybox":true,"showFlares":true,"showImageEffects":true,"showParticleSystems":true},"in2DMode":false,"pivot":{"x":12.260305404663086,"y":-1.2183256149291993,"z":67.14611053466797},"rotation":{"x":0.009057876653969288,"y":-0.9790982007980347,"z":0.19827900826931,"w":0.04468250647187233},"size":15.986501693725586,"orthographic":false}