{"cameraMode":{"drawMode":0,"name":"Shaded","section":"Shading Mode"},"sceneLighting":true,"audioPlay":false,"sceneViewState":{"showFog":true,"showMaterialUpdate":false,"showSkybox":true,"showFlares":true,"showImageEffects":true,"showParticleSystems":true},"in2DMode":false,"pivot":{"x":48.709014892578128,"y":-7.073520660400391,"z":123.485107421875},"rotation":{"x":0.23784974217414857,"y":0.33936411142349245,"z":-0.08912982791662216,"w":0.9057340025901794},"size":35.56376647949219,"orthographic":false}