{"cameraMode":{"drawMode":0,"name":"Shaded","section":"Shading Mode"},"sceneLighting":false,"audioPlay":false,"sceneViewState":{"showFog":true,"showMaterialUpdate":false,"showSkybox":false,"showFlares":true,"showImageEffects":true,"showParticleSystems":true},"in2DMode":false,"pivot":{"x":50.98283386230469,"y":1.6539990901947022,"z":90.58736419677735},"rotation":{"x":0.2806788682937622,"y":0.2233940213918686,"z":-0.06736106425523758,"w":0.9310280680656433},"size":2.98427152633667,"orthographic":false}